"sPCA_Component1","sPCA_Component2","sPCA_Component3","sPCA_Component4","sPCA_Component5","sPCA_Component6","sPCA_Component7","sPCA_Component8","sPCA_Component9","sPCA_Component10","sPCA_Component11","sPCA_Component12","sPCA_Component13","sPCA_Component14","sPCA_Component15","sPCA_Component16","sPCA_Component17","sPCA_Component18","sPCA_Component19","sPCA_Component20","Disease_group"
"-0.665090440227959","1.09902528772261","1.8461121008062","-0.173913894007391","5.36417410030286","-5.00585770922148","1.96978171991561","-6.73453365187725","1.133782940748","1.18231392677959","2.56054455295396","-3.03147198854325","2.79938546792243","0.134836556065646","1.07943546639068","1.08151792098406","0.469851040427104","-2.42237143519041","1.25399651408553","2.84280923250956","Diseased"
"3.39501087536369","-0.864656172952747","0.607924329159251","2.55929776751073","-0.407640583891133","-5.22375647221323","-1.80623493105617","2.37098010560438","0.0666230081337561","0.00202557535351134","1.72850244699433","-2.04104345750001","-2.87603171917763","-5.40599210449279","-1.5791834429146","4.75132667731411","-1.01545906213256","0.145428764034573","2.14833997899028","0.084666298061219","Diseased"
"-8.70990112237331","0.548671195282681","-15.5406608362791","-1.67485659969422","-1.40060269404471","5.24944826137567","1.24731644010447","6.52291272838666","-4.32901778978029","1.60242139790705","-6.23327190046009","-6.26921898462002","1.944565827183","-3.05956334672011","-2.68241353025943","-6.4256903051038","-5.18994052492045","-5.01861029792364","2.48590623614249","1.48305707005056","Diseased"
"-15.1951725801178","9.48232848869638","10.2002569008837","-0.847248215652491","-12.2583156196497","2.38496999485758","-5.15026284109895","-7.18199954750111","4.46377097511844","6.4935505810562","-5.82136015959541","-0.606234258527174","-6.42395527378283","-1.07843016138342","-1.79322614436304","3.53995851677112","-0.491914910546211","-1.98179365575896","1.095717923617","-1.03228478990707","Diseased"
"-8.44407387295847","-6.61530002041749","5.60829479256918","7.28723823555904","9.24069452134531","-2.17250933142934","3.93509627486713","1.79425169036407","-1.12498452028349","1.74071379671303","0.912117710580037","1.57157520844366","1.85238646738991","-4.45777795791963","-0.309393073174798","4.69791295395624","1.41537442652972","1.50384144372733","1.02281283966206","-1.13760322949415","Healthy"
"-0.914968237167131","-3.83669581466644","0.766643906560972","-2.13907627236284","2.49600657683363","3.46107336368042","4.63695307207181","5.96330288126749","-1.78558334020152","1.44029243262249","-2.20615058511542","2.23680106091825","-0.110983136029182","3.9724415294351","0.197505197800313","0.610494784523968","2.55186566768905","0.504863871745669","-2.47360272554132","3.97614259800442","Healthy"
"1.49248295930984","9.16200381138904","-3.80087896353932","-1.02040224702374","0.144052460024332","0.907757378272286","-2.14374846257317","0.613160420600264","1.80700613398647","4.63370887410693","6.1071181791512","-0.750649347902312","1.02177350944997","1.98255787772548","3.46275803159477","-1.02590710942766","3.39025713000262","0.36240375339894","-1.89512735487819","1.30437231524153","Healthy"
"6.06036223295429","-4.28691756672198","0.628716132268562","3.94345646716248","3.28203602949711","-3.52915961521818","-1.21721274338366","1.70926703986907","2.24025009995799","-0.0285289776270944","-1.93986700014911","0.567590536403672","1.47279380563589","0.87891757877724","-2.95272750547697","-2.63066617118119","1.7693995123067","-2.3873339061024","3.15920549446441","-2.05962335094403","Healthy"
"-1.22703308557654","4.19981833123971","3.18895484874738","5.69531963677153","-0.283673779985812","-4.46111293976561","3.3213643180982","6.19273064755505","-6.55858655809776","0.742996605114797","0.204409283417619","3.1328397189252","-1.89938709224875","0.555138485684082","-4.26244743852372","-1.29598768521381","2.3326277872874","3.04505919249768","-1.96944953373726","-0.612482304400131","Healthy"
"-6.75010578585002","-7.45469956699023","10.0281758754664","2.639432662816","-1.87363437207223","7.3284624748945","2.22702007419924","7.47557280215456","-1.2459450561194","0.901604762722738","5.43199970954133","-0.796702283159435","-0.592720263183261","3.87370230667645","0.0828492812099216","-3.66168082635507","0.222698057457138","-0.0760555915089313","-1.50642678917402","-1.27635410454821","Healthy"
"-6.34484084595922","0.840455098411194","3.91481560073884","5.99219332739725","-7.50959214272609","2.45113371502294","-1.30040216505819","3.49622870548995","-0.0123628727355502","-4.89654131932385","-2.89980579274917","1.33774543347746","-3.04256498545703","-0.994529841383911","-0.522759634397569","-0.347596501732102","0.446109103363563","1.12144716725517","-3.45619020003154","1.38677125189634","Healthy"
"1.02235453337339","4.58059576226696","3.55040170214303","-3.90265898223733","3.88237060019395","4.34352090323143","-4.7193214188238","0.897789699559098","-7.2980697087525","-1.50098826334002","3.41982936733354","-0.916237846969498","-1.20146519364692","0.933885185619352","-3.14955684045878","-0.211939700286589","0.862385469336543","2.97798987094576","-1.66531878610715","0.77799391124841","Healthy"
"0.748800177431482","-9.37409407547441","3.67796026121437","4.33705044906254","2.04181441954105","-0.493583287619414","-0.639249030465492","2.53451317932673","4.51343586515253","0.236705096877271","1.70377734337346","0.512437617078182","0.0800833164676463","-1.2493153266718","3.54929358610694","-1.45726952258855","-1.33416329748432","2.33909778175003","-4.3298145580829","-1.67245397782284","Diseased"
"-2.86423905201187","11.9716574160352","1.34093713560892","3.79060434655519","7.03270500278496","5.28186275938259","1.64774894595245","-1.27381843824062","-2.10769356522514","4.53895682466971","-2.47948476924554","6.17592795030642","0.209156739407207","1.5645329323846","-0.337274563553664","-0.306175367897635","-1.07060034500333","3.49179440625031","0.871463315321135","-2.43325646517766","Healthy"
"0.279482096945864","-0.614212442651907","5.28969079919481","3.58319458681106","-9.38060839245607","2.44818679949729","2.17856024386671","-9.60762738976361","0.655174167788235","0.690231860295559","1.12399660990469","-2.97178863751951","0.659684705232429","-2.59890989276211","3.51027459606221","-0.156773795668464","-2.54638876011037","-0.42534153025522","-0.722272263454983","2.57173531974795","Diseased"
"-6.01987796601113","1.33950556696357","8.0709942262986","1.62979919565914","-4.04414468456705","-3.97314011914699","-0.644977250179277","0.600624844190111","-2.34429609532007","-1.68491828965693","-2.43329632946284","-0.147519435997935","5.2207872124752","-3.988460908931","-3.95061443072656","-2.69308427417027","-2.46816911758176","1.72735487343822","3.89033015887067","0.0835250927869801","Healthy"
"-1.3527160152112","-3.05480774348698","-4.73856359991854","1.32839583623862","1.2393515810809","-4.37144073290839","-8.56109428064265","-0.807837174809859","-2.86113990597089","-4.67702889633455","5.86581000374617","0.890230068916637","2.64635490492844","4.58054560709156","-0.932851562465329","2.8681347354734","1.32978054352609","-2.08835833401656","-1.51005133170212","1.72678642427053","Diseased"
"-5.79946101988486","7.41884488292709","5.49960334286405","1.23468565101097","5.33551430285346","7.50122266909147","3.30110930349517","-5.99189297675024","-1.89200018913698","-0.693513020503732","4.07993738445542","2.58352636060361","-0.0836566641001863","3.71281383682086","1.78651056774389","-1.89267003271331","-6.30796583946834","-0.510134185800967","1.81034310988833","0.761246379753843","Healthy"
"-5.054382952703","-2.30094577621052","1.69240652683843","0.937786240420769","7.31285446121022","-1.72047046221945","-1.82361549592603","3.37698576621471","1.22019919697829","-0.233988809489821","1.27185901578772","0.0962790113802802","0.696007376019922","1.97135694756187","0.115080864917028","-1.34461796381696","-2.69980955939328","1.70269598406231","-1.27818779974965","4.49466729474746","Healthy"
"9.26032185303788","-1.07889635836961","4.48659891935168","4.55977279670542","-1.18331104559093","4.1072526451048","0.412737898846162","-2.43732175933318","-5.00043651390686","5.32967727772517","4.01749543237001","-0.551775146904607","-0.105856601234788","-0.260069896512666","0.659996643001476","-1.94714823631616","1.54743979358964","0.247901462481028","5.93898081481289","-0.7193622825859","Healthy"
"-4.93296388884864","-21.1173040324927","9.14949732541968","0.639925573602291","-11.0055025131654","1.05170914677394","5.03803625084492","2.40170840417176","-2.63926299432411","-1.50612403459017","0.463820520231185","-0.0803386236631496","-1.11354319324471","1.47245945711123","-0.0823131293241255","-2.83928343754211","0.754450665815778","0.762906581140948","0.286751979908536","-0.749286131882971","Healthy"
"3.70837879916259","3.46875936139641","1.08191728452229","-2.90816060644945","-3.5029638696006","-11.4857023204369","1.63092631776373","-2.17232078613437","2.77098664417616","-4.67695131901117","-2.72146390145353","1.46516530767304","5.09574457492204","2.01150889717852","-1.91332725587583","2.24672641909273","-3.64805793244484","-0.140602236518831","0.261323687868415","5.25408366070428","Healthy"
"6.45073395186564","-1.05284078452071","-5.14934562085808","-5.66469736528456","1.61314020142776","-2.75230066518429","0.0759290069453175","-0.885216619572568","-1.35804363514951","0.173491149502538","-2.67122215019555","3.23822489350606","3.74057864074821","1.35797434309535","-1.27629994641456","0.20611335471597","-0.791538736425117","3.02338204357978","0.638049306991192","-1.83063039275345","Healthy"
"2.13819517649774","13.5096888067831","-3.15530239439063","3.24936768270565","8.94113984275747","4.68743749075951","-0.701653066091733","-0.454485507163545","3.53787388982527","3.95637069402693","-1.18171621691388","-0.333536489866941","-1.66614731399029","2.43519533573633","-2.21134158987234","0.115258040537049","-4.10180631837185","-0.460800860176293","-1.72035670308826","1.86684866879983","Healthy"
"-5.70579664651914","-10.2538434099497","5.12866968430338","-0.158077948394756","-1.75406120895775","3.7398050101018","2.2945918389995","2.19466751161172","6.57952354888267","7.62505363465038","3.56304033517084","0.942348298826935","-0.790719416811791","0.77971132623021","1.53523655190492","0.240517036608152","0.420957388243494","0.757170375727445","-1.86161682084837","1.75439658782802","Healthy"
"-1.15303066792649","-1.52480747456223","0.103845024470929","7.07223685367873","7.26623364657115","-12.7225840620092","-1.73893939576329","2.05387037096369","5.98456587146346","-1.0031385692925","5.84101644407492","1.37983625024999","-2.04740747298147","-6.97581695512386","2.39779318891863","-1.53669860175249","-4.50212683241098","-2.53212830341438","-2.28702537364962","-2.28091746955075","Healthy"
"-3.90143344912839","3.92542474275512","2.94776870762254","-2.22778402108262","6.14843065482037","2.18378176546041","5.52258250347205","0.0613761368118623","-3.97636741412743","-3.34600498812196","0.943545929873484","-0.711541484691995","-0.587113793447619","-0.689635825908185","0.615818843735842","2.61421319433749","2.83372256088662","-1.16559581396512","-2.75223570997224","0.742690928449404","Healthy"
"-5.19090540192918","7.54004193259473","3.83772681777906","-0.33040250305977","-5.55688225317695","4.6031167930743","2.03696776417161","1.08674080126497","2.73321230425971","-1.23621826087887","2.29187411583372","1.09664629839599","-2.02683007181179","2.29577404441914","-0.655294263239047","-1.97816207319075","-1.28939385222211","-2.01211304723749","-1.84255897948206","-0.100424080268858","Healthy"
"-1.47076897939607","-1.77188456468488","4.08377963898847","-1.67482544609069","4.87342428978783","-6.89806000411451","-2.45248746637858","2.2991830873639","-0.847477653234171","1.9515857992716","-4.60414502173689","0.631725321687763","0.358071070321699","0.848564644413918","-3.38508895853637","-0.811021337335364","0.970342160655677","-0.162847630051346","-0.238781081110567","3.08272942602728","Healthy"
"-3.1870784711609","12.7675403307048","-5.24011935631145","-2.05824507817808","2.99004679595846","-2.95715619966844","4.65769309283408","0.22848177510548","5.83820821195078","1.93446869262899","2.39332094744582","-2.66521439702336","0.281684235126134","3.10342213310346","-0.339948661441239","-1.78765375442578","2.59634333256384","1.18999851907178","-2.55040825833569","-2.03794091419246","Healthy"
"5.4130049298491","2.45966687056739","0.15063049951403","0.0758298304660171","1.35219227167605","-4.1459665720385","-2.17095408073312","-4.84273403314509","-2.24979211090368","-0.238435536821692","0.283389173079996","1.59304610395426","0.014373418531038","2.07954331864301","0.896080733578099","0.628934201534819","0.809899915516709","1.42203151183956","-1.57091259775617","0.39738032103829","Healthy"
"6.77915137368727","2.57979936616955","4.95920357328598","0.0475243587558073","-1.89889315806166","5.95568563108171","-4.06467961939594","-4.71995576075041","2.27518262478441","-0.317747451121266","-7.22376925546354","1.30525782353388","-2.77816548126727","-0.954162000395513","-0.563218703684338","-0.391741338002897","0.0799718371452603","-0.883769506306396","2.70292978448056","1.94546922520906","Healthy"
"2.91413108017695","-6.87469469066001","2.7727277909251","-4.34315000543682","3.14797746466822","2.78627969641327","-4.0587374621506","-0.10489741276693","4.09195702464759","1.08779196098592","-1.3067281766683","-1.47085975743823","-1.72085991685589","-0.421449787464369","-3.46498855859394","0.0591488593539701","1.91970133823425","-0.0327428056249345","-2.42297005619612","1.4758302938624","Diseased"
"-0.90186901237068","4.28141134011712","-2.84667880144915","-6.97836524028796","-3.59111203690944","-3.55189995893406","1.76118010976043","0.677135890070337","2.01162123165606","6.64660968951042","1.0992490147727","0.0985700287270969","1.01023148066548","-1.22500087224417","-0.463267591409406","1.85506595675855","-2.3984691728111","4.98687687323685","-0.524827790430826","0.895974239698179","Healthy"
"2.78479888676121","-3.44620878565994","2.65086192467475","-3.55907539665413","0.117052496699641","-0.179925938449147","-4.73958311711875","-2.53442879171066","1.44248556964799","2.91797514580214","-0.370267954574464","1.58784266690838","4.78000030329621","1.0849217331931","-0.193076087858654","0.877226643493805","-2.86585021352871","-1.44170376000036","-2.15673136927377","-2.5433424154461","Diseased"
"-7.25063511329973","-12.429119969675","-17.6560535703242","-1.84857667449785","4.13162584847083","-0.125701965080781","-3.47550575759109","-1.36614831808299","4.83714620044359","2.79022439477895","-0.204862734975857","0.442084553738878","-2.50094503490085","-2.17173508494313","-0.967804742742893","-2.35170788845027","-4.66201651091717","-3.02048377380245","-5.21561214396593","2.93305374428991","Diseased"
"5.87229146994233","6.37440133542529","-2.0840798835147","-2.95014145360148","3.25942102217771","0.30993312878346","6.30829163902184","-6.76745235969476","4.29361046419472","0.581181284961539","0.473684793824656","3.31449724146939","0.539592536767349","-0.57399403782872","-6.31015239411745","0.346717982007929","-1.43900319944376","0.41555319139176","3.06834075860075","-1.17899262289338","Diseased"
"0.609738619933543","-9.38222837601459","3.7818954378296","-2.0564501552943","-1.39824599507154","5.09014381491849","-2.69590863539947","-5.56021504233392","0.793646123129385","2.20774359257276","0.531652834685583","-3.99192688355058","-0.210405589099471","1.99545925008834","-0.244132483656463","-1.46890166191385","1.12807998777163","1.17597251137485","-2.95772920944376","0.327196217511529","Healthy"
"8.95931462406643","-3.48795582907042","4.95323649233932","2.27379372652835","-0.201213358791336","-3.5350045707154","6.55650829638502","-5.86166268196199","-5.40093791262481","-0.732747950070895","4.33385559388701","-2.356548385388","-4.42613658611165","3.66302237874616","-1.16669017810321","-4.49083125034459","-4.1922835557928","2.55231258637135","-1.9336009047727","1.6531775201612","Healthy"
"-7.50518532656241","-0.702501490334713","-0.257581362183202","-7.06150146467225","-5.30537390965753","-6.57289921554042","7.1881686365847","-2.62580931928094","3.41539209407842","-0.596692387606607","5.59738871409513","-1.56557794419793","0.939019063802407","2.23031557734341","-0.270436220467676","1.21742139737671","-0.404649549106374","1.65044632038378","-1.80398554777323","-2.01889725139213","Healthy"
"0.382545430897381","2.39203981594804","-0.5085572419256","-8.79643962580587","0.0671563417705486","-7.66185297728565","-0.699934864549186","-2.016603431508","-0.108365777586042","-1.97856967058542","3.06386678717033","1.00032502667069","-1.07180030156899","3.92550004630891","-0.68990407377135","-1.65457583547249","1.38334364467225","4.10629422147839","1.65838305253938","-0.0330353007678684","Healthy"
"-13.0896059446623","-10.4347434266125","-14.5302736222599","1.95462501487775","-1.60690201216646","-3.18715117867673","-5.87371722627835","-6.28349191267615","-2.20591129630093","4.40691401477789","0.7540526031837","-2.23089177847562","1.62227378228249","0.845219371470572","-4.01962523723894","-2.47881084480947","0.00929371261692277","-3.6916067472111","-3.52055033150183","-0.682203975432577","Healthy"
"0.133213740253069","-1.47433956287283","5.41489246570849","-7.39959034372307","2.31917132175694","3.40111009210666","-2.01043728685991","-3.26532835549767","-1.67882609879862","2.86091412602458","1.15648635935957","-0.314784659705048","-0.694036017907232","-7.492001013341","-1.84947217028916","0.755676932359864","4.68416886741311","-3.34939204150183","-3.80235673455345","3.36641211695299","Diseased"
"-3.13671790389698","-0.579200357529485","0.235720408338553","-6.78208848112089","-1.12740568148092","-7.23546955983179","-0.23911945382547","-1.06328170033391","1.5308817752871","3.39456422703136","0.835845542003091","0.431391057860283","1.64833597164152","3.98394590802291","3.2954347610325","1.041734866995","0.884322844779636","-0.0968577666568317","-1.27031507023145","-3.40479905072361","Healthy"
"1.37190851108934","-6.37369061562484","0.179077747704389","1.2094981221896","3.17361998871945","0.139500913319214","1.25927002226217","2.06440175216254","12.2001282138183","-0.49568007098166","-2.50753204336405","-1.01774036074024","-1.62804733386204","-0.226791293436815","-3.24378658723856","-0.635455067053773","0.896084103096051","-3.19350305067113","1.27865983958832","-0.143497351291501","Diseased"
"-4.80676173650028","7.27440850077548","3.21943023045396","-1.86718224855986","3.60140069440367","-3.5501568171469","0.429944183226301","-5.62050988701845","0.016868047153421","4.81238960714831","2.83181034145891","-3.12075780456017","-1.80544653109656","0.199698900451206","-2.49987181385042","-2.36297035750485","-0.473901187129096","0.55889109578055","-1.55520138813386","-2.75016772547084","Healthy"
"8.81884014755712","-12.3559262598825","2.54449762673678","7.7302000308977","4.20518872326912","-3.32468281396447","-2.07266617399975","5.50071891807961","2.20636870107641","-1.37482886298334","-1.17213213484968","2.4002960253224","-1.22765875122822","0.745777886861949","-0.874909401056538","-0.115537324042749","-0.635444501624314","-0.676803190986502","2.05996164963322","1.24326032212406","Healthy"
"2.96171744720905","-5.26406928382022","2.14563465864555","3.0725274801137","1.3562609431134","-0.969533308525378","1.4974738880627","4.384645135151","5.41356307177467","-0.216561455514532","-1.53087579052905","-2.06568265064586","1.28619154377454","-0.361885690163647","1.21434958481239","1.15919138075564","-0.938185125593829","1.36138326952535","3.31659552824051","2.66275383815249","Healthy"
"-7.59721177915892","-8.3975027965555","7.23967997794324","-2.30621067346696","2.53253868782217","4.29423652464997","-1.72755442769287","-4.57990545440248","0.962571992784397","0.270487777491397","-3.08771344306693","-3.31906796164211","-0.659123614553448","0.388426845136509","-1.75952357414403","2.24888228478902","-1.39000761187459","2.3273510604738","-0.921163338827406","1.37702247533324","Healthy"
"0.297959025561054","-4.54510020982747","2.77371134687769","1.3344509478253","3.27627371327806","-1.17622188934998","-3.28033415917851","1.03686925655478","2.78313250737042","2.22424910649493","-3.72392739574097","-0.226367652604786","2.50160636014019","-2.21022633753609","-1.0460469365069","-0.957649857320835","-0.286293476732015","1.00906182664442","-0.863119173123506","-0.607514853097965","Healthy"
"-2.42039503962298","-1.90164213941829","2.39455997390227","-1.20791612470096","0.306819524174041","-5.63209993325278","-2.77647282038825","-1.88662497010606","-2.72195389721511","2.14341384891501","2.2554227273853","2.87500259495523","-0.874579745710361","-1.50936943307465","1.08010544765252","-0.639974871037908","2.35970103844698","-2.95341839503461","0.169088992190689","-1.13021083565162","Healthy"
"4.67997720152197","-5.20310779044974","-0.697687731978846","2.78125796743604","-10.7587677118894","-4.55082966123828","-5.89720503874601","1.98199365561725","1.51374964739415","-1.79996745736763","1.76138977078397","-1.42762249698537","-3.61185675376949","-0.449210084586714","5.11352181568292","0.000632486484071611","0.571627342035663","1.853714455967","1.18851206954925","4.58033235077699","Diseased"
"-11.0329491083063","-1.93863358016122","2.57775962062179","-5.69957707253484","5.38983404782012","0.717899509480455","-2.95894930042467","-1.48779500734157","0.379794802375592","2.0472767679068","0.830374915788928","0.628469938606396","-1.06462531946095","-8.39471471587559","-3.19284942490313","3.3905068111486","4.59442984125837","1.90112491277814","0.58428927695608","-0.449219194418064","Diseased"
"17.7217567589246","-6.86194789628733","2.24094933058837","-4.19601321319001","6.96113684475219","0.327935148052059","1.28555654202729","2.71429202549987","-2.31193292939698","0.664558411098196","-3.32083500647499","0.0676933265369912","-5.05183451807844","-0.800919758114776","-1.79180617826303","1.70751340323516","0.0746850592214689","-1.93933103871234","-1.60137099172561","-4.3489437584486","Diseased"
"-3.96241784082619","-15.7124158835448","-14.022987041193","6.91563856129544","-7.00524774679612","-3.48134057090022","10.5302702281226","0.11283761506486","-8.21676469515798","4.06082522666012","1.08158522528902","1.38183265315917","-5.12891644110694","1.75825261969661","-4.75256374252107","2.51664028094646","-3.04896077294757","-2.08558813144238","-0.502913250452513","0.740509034614076","Diseased"
"19.6956653243042","-0.383088232079104","1.18555989300215","6.10934682815357","-9.59771074012585","6.20161195820724","0.471411787750185","-0.855586818786751","2.66392455160186","-3.64842250920385","1.83712901502625","0.73594782880368","1.23511936111485","-7.44693355125527","-3.67604346221642","-2.73965442265911","0.778624869098926","1.64354499977975","-2.31461139201591","1.66592843240983","Diseased"
"-3.14197709255748","3.53373375903819","2.44210716316957","-1.86556587777105","0.184791551251359","4.57821829696085","-3.72227831958167","-1.08703792933009","-2.81502838898882","6.63728234928382","-4.03051035061976","2.5842090580107","-0.618118183252282","-3.29709635275608","-0.202060708693069","3.18809632897204","-1.57678949824305","4.93060176834496","0.598995084228953","-2.57463426838857","Diseased"
"2.36446911794667","18.9649314808299","-2.99896158660627","0.608719285022237","-4.41630572337952","-2.46409628203366","2.45092527473715","2.32385777012713","2.87018543888258","-0.467309932659","-0.69455749527137","-1.83356228515072","-2.92988699172542","0.450706539482374","-1.00177193424356","0.304997600664029","0.526723965699232","-0.968460381263111","0.313626053569867","1.40994759898094","Healthy"
"-4.36027749822575","13.7501319128049","0.131818412403185","-3.51622261327022","0.323334000676043","-3.2815607263459","3.8816965375152","-0.420530661360177","-1.37124369169238","-2.29940085202499","2.70097960272452","-2.59524267356862","-4.80058439463299","-1.90887706843951","-0.594472299436876","1.32965483238964","-1.12442161186027","-2.11542954608376","0.686217577513972","0.358391829123124","Healthy"
"0.116553320430214","-4.83347202366449","4.67802256011317","-3.97007004548827","-0.37416787188594","-0.485527301497735","1.42005135429099","-0.538162845444287","1.75851509435116","3.46692058546137","-1.05896716736374","-0.36238825538927","-2.45324738489245","4.33915747693104","0.916678122400368","2.37417337208756","1.92017845090575","-4.32528929226968","2.2685600262532","1.64431431678686","Healthy"
"7.25924582301671","4.01344339935829","4.38136900753981","3.90553247362677","-10.5201802614825","-7.28907264939533","-5.77260673391667","-1.14139358656063","-6.30630698359084","-2.47357099454275","2.2061915311215","-3.03055557584666","-1.80090686078911","-0.898703064151424","-2.34131332038248","-1.71115706807867","0.884268786202675","-0.186723222036142","-1.02331738213314","-2.71718653628411","Diseased"
"-8.30914370747809","7.49623533493983","-1.08296264227764","-5.80556425588952","-3.06714394645144","-4.98289337768576","-1.88461162107662","4.39835031147394","-0.13005420224252","-3.77283869938703","-9.24173631510392","-4.82149183897562","6.11385887798293","1.55795888081668","-1.12035366627609","-2.31823276399955","2.55488930285899","-1.01466711629782","0.679702068198136","-1.9624697780965","Healthy"
"-6.51749828405446","-0.001832941886822","5.1340445803485","1.07410817566434","-0.743344295946693","6.04480578326995","-0.766995738431184","0.863259080744762","0.234710304510324","-1.1893696461333","-1.02401154466273","-4.92343009517221","7.65949899438548","1.80344659293483","-3.81107665493567","-2.77779547705004","2.76465870440276","-1.0469022978969","-2.73063627037018","1.42771017412938","Healthy"
"4.61577527777796","8.60061682883398","-6.56132692914869","-2.16981798256874","0.5596411306631","-0.750368415000559","-4.05978975264066","3.67963863673803","-1.00555175227709","-6.05945118497905","0.528358374980976","0.785715369719329","1.43288922568735","1.71141472968397","-1.25933354965606","2.01141354928783","0.791481405285594","4.33693989640513","-2.56880297038943","1.97808827025036","Healthy"
"-2.75824047444452","-3.44077550695103","-1.74651454575539","-1.74724843930935","0.446544686437025","3.1442185933889","-7.07468322674626","-6.71079330351781","-6.92563648628013","-1.60857263775127","1.51453921064558","1.64579473385764","2.60654795511155","-5.096816768925","-0.539183823522711","1.43215090551381","-4.75379114946627","-1.22894791555607","0.338462339526758","-0.619849580452117","Healthy"
"1.94594415298405","3.59640131253889","0.617888022892626","0.0651423830413761","5.15531088258651","7.07958464051656","-4.61424417479273","1.66376339148402","-2.93908689666823","-2.47744868499711","-1.95187306090143","-0.644511929872806","0.907633496748901","-1.48324715658631","3.25071553318904","1.5210978663619","-1.9735110165186","0.303653124734814","-4.26947899249391","1.84748815891421","Diseased"
"-4.27780326180859","7.62763590945622","0.767258605221626","-3.04802288213537","-1.23519972189902","4.75146893409255","-3.33939933335915","-2.69193141975507","-5.14792814482567","-3.38947454106137","2.00594491735018","3.04313577187112","-2.87820573215469","-0.902700993399372","-1.34229307945118","2.5529400923277","0.31580026919202","-1.22649957286039","-2.35788464358394","-2.14490550410331","Healthy"
"4.93080270953439","-17.9145537327985","-5.92364717104701","-3.79156123778102","1.99864008957519","1.45569543973259","-0.00922116701534409","4.91411512616326","2.57122055934247","-4.72191914177515","-2.3249755811023","-3.18698061694486","-2.02902029645359","2.27282396640993","-6.4390899977214","1.32096611033254","3.62359987526734","1.40785365836343","-1.64962825709172","-5.14153985490925","Diseased"
"22.813630037967","-5.29158168837452","0.623247778962499","-2.50913783690948","3.12653731748987","2.11997136036839","0.0948455399527753","-2.85304503609917","-4.33739580722533","-2.22772292962676","-0.154171328239671","-2.61740454317124","1.76875807852475","-3.26851487080311","1.85863104799866","1.50777853321149","0.532700982317181","-1.92421259867854","-1.52382077009749","0.0959284760202445","Healthy"
"-4.95143276732287","-2.22516362093948","6.35268887466489","-7.9761727485591","-1.66248729461858","-6.34209586628988","6.01334094653874","0.57565439026407","-5.08152117507858","1.21091347593444","-8.42119648857555","6.0917572946552","-3.74402548875334","2.76657855237405","3.02237921374793","1.2830056994228","1.16265726702775","-4.32739268104688","-1.7125115161768","0.0759853101329886","Healthy"
"3.96469005590416","-0.995793493490795","3.71116905013796","2.11912150378924","4.49622805659406","3.01059032527192","-0.472954424761267","0.228584130160404","0.872293715767755","2.73321955578021","-3.84119724390072","-2.3500327229484","1.52912280592593","-1.01728959743347","5.98443409614701","-1.49369398657998","-0.413513976117724","-0.204495919736396","0.943259146869631","-1.27621750633115","Healthy"
"-9.09951452211546","6.55071931708898","1.27091944331789","0.557131835248504","-4.87200413915808","0.184097719194449","-1.14996532540363","2.75780324785221","2.53573867236329","-1.74869335958903","-2.34011744351177","-0.885821228847609","1.58866594366239","2.85821448584418","-1.35084822667355","2.94432246604752","-1.30334453958086","-1.56646557861461","-1.3735380105421","4.15744580826765","Diseased"
"2.72725142838806","6.0626365611265","0.784992913868312","1.23548542684444","0.0175576627341715","2.79053352134421","2.78139266964989","4.93528316001099","-1.11374482298188","0.912327830378681","-3.54302683929301","4.45861623524253","3.66740543224","0.628563799605313","2.44536107018968","2.41302953572767","1.09753705577212","-3.74490075744767","-1.97744152971204","0.240417303095174","Healthy"
"11.7216523278643","0.941148245054096","0.0426428921751784","2.97051667985197","-0.940019056935165","0.347234026757317","-2.20295355400496","0.469449730053436","5.11566763986763","4.12830915091146","1.99359605182316","0.95305699132466","2.57031097794285","-0.238344674131852","-0.822372905960046","-0.71260317267701","1.94218128470646","-1.35546499884527","-0.710923874813909","-3.94744691894473","Healthy"
"-2.07794687510124","-0.338967377398537","5.33770848299045","-3.5164770513545","1.71661946077793","-2.15186690247374","1.75849448234186","-6.24839852256444","-3.62456347219953","-3.52513189148616","-4.67679483817984","0.224246407876874","-1.32402924168618","-0.856663865744958","-2.07606167087779","3.22753644423072","-0.767727362787587","0.881101540015903","-0.958600352188708","2.3607089840043","Diseased"
"8.59572067767405","-1.48700232487807","1.03271522497592","0.00236477542275824","1.34685284888513","4.05023903942071","-1.61879570843269","-5.10448820970464","2.32969508007013","4.15657677036073","3.0319561930535","1.49283830716567","3.20782870109514","1.34428079982477","-2.12844777776217","1.59328311956827","-0.109447932599577","-3.2488092496923","2.85522652968768","1.86040979619455","Healthy"
"-3.15725804527505","-0.870413619712194","-1.31654968890816","-0.876019907768639","0.845656983486871","-0.103485018692546","0.989358927494911","-1.181259813633","4.02307390924268","0.0560484566646017","-3.97900994896964","-3.91274220121278","-0.280240276503002","-0.325870423329146","3.49320339499858","-6.61612814515011","2.54543838401328","2.47011394823226","3.03277302156213","-0.485360477443506","Healthy"
"4.94396015745437","-0.800063508221471","1.87018085850243","0.727950621972917","-1.70677486375421","-4.1137550393806","0.606444613394281","-1.76597108323994","2.12864201311069","0.948914583195864","-1.74943562658146","3.17916913507189","-3.52750852002389","2.01927937912933","1.54767598085984","-1.64812626034046","-0.125130751394269","-0.858947343126083","-0.0679250543652366","2.01762126477032","Healthy"
"6.8403068244246","-4.76585497098157","2.10121781566967","0.155173304384973","-0.943077655551759","5.62968952166723","-1.33334319041589","-2.93954936434283","2.10232486224311","0.962720073867505","-0.35904275497527","1.1317747854527","6.78984935427029","0.605668661074511","-4.11053920546319","1.83228368603641","2.41168648313597","-0.345211206008494","1.78798857223603","1.30093353996447","Diseased"
"1.37757713850414","4.94741073895815","-2.80823844145299","5.63323107206129","1.66528815937968","3.80745578679515","-9.49343931442905","3.17836015207478","0.810245254006213","4.16855845518241","0.242533963102619","-2.19952331365608","4.66200836532052","2.21922295518504","0.686570593325549","1.67674817049886","-1.98026302179659","1.77477433858731","-0.680553862646697","-0.462447644555946","Diseased"
"4.65338787268794","2.66367486901472","-3.30875830056571","-6.47473530701231","-0.334804039528808","-9.45478337142048","6.08615955392612","2.81785307795237","0.560975778661232","-1.50095790000576","0.415559165227084","-1.71044233500763","6.45335167728329","-4.39481532211403","-1.93786333493379","3.46692272728347","-0.545017565855464","-1.0235109945948","2.54094660741433","-0.884296512192429","Diseased"
"3.8347320297149","6.08076809182741","1.98792068390077","-0.411675247664474","-2.97154993876384","4.64116786422024","-1.85768109943299","-1.3431280954473","-4.34193471319708","1.22075633632096","2.6661339278543","0.00705057107667241","2.16242401012498","3.40437665547148","-3.72367828608626","-4.14587323166003","1.96356938058636","-3.87267912889733","3.1681962240269","-0.678429629815958","Diseased"
"-5.86714371949352","0.524396295346653","-1.82990012555079","-1.77383481611701","2.93126297914705","-3.6592393441389","-1.70197512334188","6.4517722005054","-2.60774053762521","-1.23560799502835","4.20558103293536","1.06422374491208","1.81878562259183","1.12416642615409","3.71989547500352","1.01705315183099","3.22347652587359","-2.10376327302384","0.894776888394676","0.077833669815154","Diseased"
"-1.81831810181394","0.248534282565604","-0.373145942822038","4.01325133307128","-6.96455272563454","-6.45112942714423","-1.14544353494769","-0.90150295851367","0.510156973451154","-0.306138432167489","-1.51849933449074","0.529447057506323","1.8451703997266","-1.51945156728233","3.18515202552696","-2.1346929964493","-0.916299604412121","-0.00287241632125963","-1.53757330292055","-0.200661993212185","Diseased"
"2.60801633831968","-8.58103334661863","-1.17497736564888","-2.94717231229395","0.982323790720487","-0.595862746874242","-6.75330737233592","1.37136696659554","-0.679849895980296","-4.83840510887316","2.26356825216151","-1.62299694040978","-1.55676332653529","0.462584806119466","0.660554840842806","-1.038139034378","-3.28045022935323","2.82205452755185","5.47416709862147","0.0743827112675629","Diseased"
"-0.137881369091394","-5.58186131136189","-1.73087715651364","5.75003734759811","-5.48431516771892","-0.181703039207589","-0.662923471824324","-6.56951291234429","-0.527083398970884","-3.98077048415107","-4.14051990567547","-3.26740060142643","-0.114866106508107","2.52088911082868","0.673599972181186","-0.643056424716432","-0.112061636333501","2.94175626562676","0.024836822007066","0.030494965854603","Diseased"
"-9.35974721612267","5.78893353743381","1.31998164167043","-0.259649161216409","-1.36659821898037","-5.13722200615317","-2.95464184684691","4.50966210045743","-2.44146527850129","-2.87448285608211","2.54193447915322","-1.78144656439605","-0.481906903072691","-0.404278821872372","0.805518795322512","-2.9657809030417","1.10159050620442","-1.32956948622737","-1.63017096209077","-0.468331377427135","Diseased"
"-1.51506230810903","10.4378643431192","-1.60291950858015","2.05059909646027","-0.619066115451779","-0.822278966234185","0.333255735710157","3.61943664361526","-2.97951708993291","2.03784440584507","-0.874806583484449","0.280746050226787","-2.85560008677294","1.17387275007786","4.00888978262955","0.906374334459834","0.366740354934235","2.95030266703213","1.30324137487341","-0.663973093554226","Healthy"
"-0.0831407571673653","-1.53571865525807","-19.9893391498348","-0.396221685848959","0.423371460685383","-1.39156806052604","4.33701485771588","-3.93986514348462","-4.14822025161668","8.3975129701707","-4.10043195304225","-0.804721995972619","-1.35101067057512","-0.588798739579453","2.95691738676701","-6.17620314432961","1.4813713106854","1.28770690444265","-0.257922091182768","-1.83906373885646","Diseased"
"-5.15519500926377","-7.70245793701835","-2.54636026593022","1.74842224415792","3.68935184032502","9.5864555899793","2.47750722766921","-5.07326446918666","0.982580649720154","-10.1205038657425","-2.27359702888838","-4.51076184269701","-2.70222551237506","4.72735204987775","5.19477686450682","6.20252123954855","0.606671085012126","-4.45595203919143","4.19474940274777","-2.60302782196039","Diseased"
"-8.29515960330192","6.21639906002309","-1.94744141304598","6.9207627548172","-2.78102269480897","0.931363289892224","1.73251576344252","-0.197321552489899","3.9495919436589","1.49431751195884","-0.284762472622706","-2.67510534796259","-0.601808680072106","1.50840783039679","-2.20346955293111","1.95990353053503","-1.21419558423583","1.75652094203349","3.27081717958431","-0.432187350666728","Healthy"
"1.75816553993038","12.8259180638703","-2.87421903030829","-4.40202227548191","-1.59443124907185","3.35222101371347","0.692825735134672","4.65728147860842","0.980390577516347","-1.10956788766532","0.51606197396188","3.3305791671536","-1.560560829242","-0.47448058561035","-1.02841263386644","-0.659816736608818","-0.367040400626389","-2.9096495526208","3.07102720308497","-2.37731836383613","Healthy"
"3.36774549092456","-2.98452941362297","-2.53209942055848","7.26997287969024","-2.12946918420391","2.04199666053496","-7.32953365271181","2.69141362520612","-0.000632394785925999","-0.594375270291354","2.81795863864389","1.67079828856136","-0.796931014546044","3.24554335638657","0.788684383910388","1.08079091568725","-1.680571250038","-1.13261782689313","-0.928750710276043","1.32004404051242","Healthy"
"7.17778980913248","1.15225571470726","-1.34831033547252","-7.14207063199421","-2.64903339681998","-6.09618731084735","0.260250597031352","4.19069032960337","2.56993011803711","-3.34376446158106","2.85817114835443","0.598899560452487","-2.63968314903753","-1.17902399978354","0.00957990394376778","2.79049372495153","-3.17729795132964","0.577092214858596","-2.79137025883503","1.97594999918866","Diseased"
"-11.1169237212101","-1.47338280821717","-2.22750463320132","3.87598226585669","-2.97760218435042","1.81687888620087","-2.638186490792","6.20312279036166","-2.32026370303466","0.423755768071139","-0.372282998951065","-2.93497348651476","2.03878474070485","-2.70669116181979","1.79760610972093","1.85735900410136","-1.07465329335732","-1.66299042408013","-0.168716943302859","-3.58213409814743","Diseased"
"-6.37850380828274","-0.678954556799507","-6.80903497704683","-12.1433510240342","-7.06035165219111","12.8452726308562","1.52341183446704","0.677943999466481","5.45194326979834","-7.42656590351643","4.9332337205763","13.1830394529939","5.46558863827536","-1.27046189859918","-0.486971988336648","-3.65911239458801","-0.557149642921882","-0.362050942792574","2.39999911104485","2.16958204407541","Diseased"
"18.3258550733855","-3.19635773812784","-1.09525906379058","-3.41313739349344","-8.80784193000406","0.379886980192523","11.5995035825814","4.34234061090557","0.395308435374533","0.332641887012196","-2.32163899101321","2.34708372064035","4.39613622041615","-2.24092929453319","5.00959539585021","2.19489943954807","-2.06458418761403","1.24550652333083","-2.20753236983689","-2.33257091137499","Diseased"
"5.0834553634639","6.26627370364941","2.47058958381094","7.80183364863305","4.09765032284306","2.84083285936012","0.663623803785209","3.46093021327765","-3.08159350442641","1.4262143013022","0.0707938088982636","0.800838417623504","2.48200814553657","0.0957271732006831","1.05988558087935","-1.01090393617805","-2.60117749349255","0.884112676304605","1.23579395041762","-2.81392628282621","Diseased"
"-3.92611533930519","9.41899986150113","0.60099256166532","2.8887762019495","2.95897236173075","4.95857269431348","6.51612057043302","2.74707352926245","2.13541137459478","-4.82370673072197","-1.76526933906039","-2.1043613494294","-3.03571973352045","-2.81789878826881","-3.18803742592285","0.583342723135685","-2.37772108787869","2.22909145430396","-0.437233336755404","-0.909542658405159","Diseased"
"30.1202465613613","2.9419359969102","-6.44332205220873","-0.0950560125573491","-7.96314085383203","4.98440042576437","0.354507903256926","-3.99927513230966","1.35494060847435","1.21280040722881","5.17171676527038","-7.9509519748837","-1.02277414034547","1.01579106481335","1.60560192773162","3.32287908574076","0.241100261512897","-2.57957811182139","-0.469968759271807","-1.8408892798863","Healthy"
"0.847443389227358","-7.25238415091674","6.17657839499854","0.174053094822658","-7.73684884670197","-0.549807028214379","2.90270899956062","0.753710760820747","0.285816171787031","-3.5562193784245","0.715202876365658","0.856094025344949","1.53300719831785","-0.352798019299119","-0.242946520801785","-2.59686239508818","-0.311338500824119","-3.01217135826379","0.506457571156025","-1.92984956013753","Healthy"
"2.53294682139363","5.10379927752781","3.10943734069219","5.76694837243208","2.20952049845367","0.056971131905795","-5.90083929728485","3.35245018820139","-1.50280920343641","0.364631879834447","-0.924049393599262","-0.352308005489981","-1.6108212288352","-0.228762730111522","1.46942737751828","-0.224920204223824","-0.634613639200898","-2.72102094667592","-0.934398540902984","-2.45178896569369","Diseased"
"1.59332028495731","4.53733444423996","1.86554290318681","-1.59763291392477","-0.67410999128895","-5.93306373805383","-1.13288970944105","-0.708218547115551","1.24204561855962","3.52043457873521","-0.420419290858839","1.21186409755607","-1.12757254442024","-1.57730385597519","5.01981841800152","-4.62886734149456","3.31158114021341","-2.22593607758662","1.04355752859614","4.7284583242509","Healthy"
"-3.72067215114644","9.28980462007118","2.45452170316351","-4.76125076281787","-4.80603720738312","-0.453158633478729","-0.273481115139064","4.31534727936505","-5.85881573727898","1.71066625443092","-0.44770678475188","-0.272149516973683","-1.00187254241764","0.788612992030845","0.229511166946727","1.73403738044732","-2.63861641754313","-2.30363647352477","3.60813040064123","1.2754068280777","Healthy"
"3.85336781488255","-6.21246627053689","7.47971742833829","-4.95525381216665","5.23163693865156","0.841801652060873","0.404729047960836","3.86683049861002","-2.75367051757777","-0.439157432407701","-3.10779812232522","2.02989102489001","-3.09460460961602","1.26179234298853","-0.336134329215363","-2.36757270542574","-2.81543304940432","-4.21945675727035","-1.15721583047757","-3.30285998565277","Healthy"
"6.28344459199708","0.214693970695083","2.17882265907379","-6.54016902872689","2.32613468324342","0.975035769232095","4.50822040645774","-2.12795633540238","-1.65184550617008","-0.43663455762167","-4.32138321707902","0.0639752034872277","1.87060639669388","-1.02759389567428","-2.09216578743627","0.0666052511957618","-3.71459071690916","2.68990329699304","-2.26869557350942","-0.0869421910983188","Diseased"
"2.36821237615629","3.52884738545357","2.62327688755173","-0.967961102561005","3.73110861851643","-0.826749862743072","-2.83824440057195","-2.86051625251091","0.179076005844824","-1.4554984909467","4.46365887163233","4.28180384812742","-1.1603983827413","2.34443913765248","-2.03010461689683","-1.9330548681928","0.927912388363404","0.580091486868594","-1.68034262800569","-0.647153513910631","Diseased"
"4.17821178726033","-0.222463881970857","1.12224828572844","1.96464124517925","0.697490214814738","-6.11580544984136","-1.87661637736976","1.99178289540174","2.08195253948863","2.78355753318287","-6.74552247858506","-0.481002173243724","1.38211488235172","2.0195224107485","1.26454977758687","-0.794129965808367","2.61073170427494","0.389424389397752","0.677749707957668","3.62607019882874","Healthy"
"0.238162064655572","5.61263267953672","-15.3992163833019","-1.64803148424288","-4.91557356595856","4.18249988954321","-8.9322573407682","-0.385756968797891","2.19654195728789","-4.41692768796485","-2.29104698247385","5.31235693831077","-3.87690327093297","0.2039138100818","1.95991753448779","2.65575537362232","2.74815717699422","2.26453711468852","0.762065504656466","-2.72466568286457","Diseased"
"-2.40572354788613","4.11964347591914","4.5268012422859","1.23696855434996","-6.28160947346672","-3.74405839150177","-1.82834423283239","1.44276041395782","4.4423759191208","2.99917367011153","-1.77231328920366","-1.92997000854437","-1.18897100918863","-2.17814389032138","0.815274005196693","-0.760565331189091","-2.83984110733418","0.188784387860714","2.53986064749963","-3.79846707688651","Diseased"
"4.35187468525372","4.99677471318125","-2.24358986835417","0.765057084568645","3.26950364755151","-0.85072655970826","4.93092225468518","5.0263553612216","2.68942652557967","-0.0432267867243167","3.6979458084776","0.320692611497477","0.061029468940448","-3.32979107683602","-2.20780277552275","-1.08525881918518","7.01507540158801","-0.976337638679105","1.38688482043021","1.46461649263812","Healthy"
"-5.31397775023276","-4.64605292871766","2.20508350241937","2.05451034125997","-1.95962439345335","-3.23532864833119","1.0632586849423","-0.795963122868761","-5.90325184183746","2.57782285650169","3.33544110595375","3.56162768250358","-0.417574036103992","-4.54168027188681","2.25731342219527","2.38684385111217","-0.000780792699946284","-2.31912988207165","2.4195420410132","1.56834139310398","Healthy"
"-3.93843744437029","0.263995649882042","-11.283389754527","0.373086601465013","-5.60359510912142","0.848126517196766","-3.26455496852321","1.95864785814415","0.930507358415861","5.33501257948686","0.469113481269318","2.78985588741901","2.03848461287706","-1.64674220972299","0.680776715403405","4.31451088981276","1.84276306538083","0.881237338569094","0.340921776719964","-1.23533286735663","Diseased"
"0.702828020706909","-7.55255162894718","5.79660213977659","1.66171735765766","2.90189565459898","0.744604434889969","5.95193512834731","1.09545148909367","-2.03557709724801","-2.06095548015177","1.007955904313","-0.890720437558818","0.188925570170119","-2.56774583646947","-0.343536477253728","-3.70838960649285","1.91031896432369","3.63834958432663","1.51946628725663","0.428435221165644","Diseased"
"-2.45427273218067","-3.70886214096681","1.43954317246466","-15.189869752207","1.67271936962261","5.48857664351821","0.932640490003691","-1.12296854671364","-2.92477912392388","0.510578096694785","-0.634332809895114","-1.43169851497686","4.50850247406611","-2.94600160123773","7.1801549786352","-4.18128588671924","-3.10351283015014","0.117946951454796","-1.70723841659317","-2.07120928924313","Diseased"
"7.75515214530539","10.3566355379765","-2.0350064595468","7.5963461660873","4.0201729142205","3.7843864956259","-1.46150066112238","-1.15582173842131","-0.800639662284941","0.519619124413505","-5.71570275742694","-1.63558710169723","-2.99631688553872","-0.629206164292708","2.75395556777865","-3.09508813565028","1.79193209714347","4.83311140933364","-0.371269228283955","2.84349322586245","Diseased"
"-2.58535017521789","1.58006151787249","-6.09107502464947","-2.71770330694198","3.78821755390219","0.0280720262300911","3.33885059223508","-4.2597941103068","3.00375253138507","0.186067384740687","1.42272843000377","-1.93416556365745","-1.85244408482319","7.01754701880465","-1.60618968711067","-0.735945669991843","1.82645740204454","-1.05368629070972","1.22331507065433","-1.74955796107079","Diseased"
"6.82424724185476","-4.07408101666653","-3.20906789417857","-10.5866158912521","-0.819162147366949","-3.36814558136357","-9.98620352739157","2.76718958167859","1.59398748505158","-3.26762190342007","1.41928332259246","-3.63315502552281","-3.19513263318391","-0.10178927048562","0.471532154945798","-0.243722443549274","-1.32353919163648","3.27527019866918","5.09506995385233","0.369731594301483","Diseased"
"-3.07404275518517","3.07292284672948","-1.97881256747051","2.33343124079364","4.96043944780854","1.45232072686463","0.949997642860778","5.30588548906558","1.5627225594075","-2.69719028155925","5.65979399481357","-0.902903880802961","-2.76724264642451","-0.0107849454796908","-0.370433799043178","-1.8734642255074","-5.25206737775745","-1.05862490463324","3.07603483828542","-0.805754738255825","Diseased"
"-6.86587669784722","2.75897558385697","3.61808249107946","0.191237949438048","4.50935859826448","1.04096812726756","-2.66164358825547","5.21405808931946","-3.40049265284983","1.31260860018454","3.35972177931011","-3.57979887687705","2.31685312645483","1.35829216882288","0.896612625004931","1.62983405280971","0.755353267325535","-2.18115014922715","1.25287642877016","0.846894051055194","Diseased"
"-20.9675717121294","-9.29507766335246","4.41091003476835","5.61717403311545","3.1019721542658","0.562684182414163","1.61518072392981","-6.05319097820242","8.3521616449042","-4.82428246455583","3.64306845614931","0.0481552076146844","0.358144470134123","-1.12819661285768","2.09024982847162","0.067628808848265","2.39542331031903","1.78748985410703","1.49790555516547","-3.13804568699582","Healthy"
"3.6827955466651","7.90276697823143","1.26242489526905","11.1961393305075","-3.48655818971262","3.38437414129776","2.48233921068583","1.98967801179286","4.86199892632304","4.59535256115764","1.72249355800862","2.66183368668822","1.63671250682088","2.51384578122524","-1.28952531367992","2.98748479950948","-1.13429610092667","0.156978620076469","-1.83874567035384","-0.881907255066828","Diseased"
"-6.47916067876103","4.74044728048811","-4.62031801104113","-4.44785182368703","2.13029342201752","5.74061796210469","6.41148685754475","5.01937666059573","-0.100733179930939","-2.05181961411076","3.37324588289017","-5.37552060073143","-4.15492936360913","-4.16821847799742","-0.496888491718703","-1.1030158435956","0.558203937139241","1.71052401899919","1.04517361300872","2.82420569257169","Diseased"
"-5.85205036191936","6.9053731302984","-1.4148481874195","9.41725966231307","6.14327031390286","-5.41253628189717","5.86264496284972","-5.84034597922305","3.53100824029417","-8.48592939601657","-2.1839901716579","-1.3995919158182","5.8736378517889","2.22550039562923","3.02792310562344","3.42879073363766","-3.64945157068117","0.207016164372299","-2.94320076855654","-2.05984920773137","Diseased"
"2.68672661521997","-9.90594219951796","0.5335715718154","1.85937984049992","7.32432194138723","-2.85993464210124","-2.94409761289688","0.374120712287616","-2.73635812355628","-1.97009970292377","-4.21251076677752","0.652553470918925","-0.39648424708802","1.22440857358178","0.537842046405482","1.95249393078489","-0.136690072935384","1.22955850743964","0.29897307726068","-1.59056621246393","Diseased"
"-3.86358218989908","-0.987338146590803","-8.03420354639272","-3.59503032759173","1.07735907978608","9.49784476863137","4.53574222324691","-1.78386703614498","1.24178279845242","-2.94473845935641","0.248215754149231","-4.66836730657468","-2.62204478059314","-3.17091251934763","4.53141023977426","1.95075755479311","3.08465019675346","0.605181963589826","-1.47237402461146","1.65546867261282","Diseased"
"-4.07507887867954","-3.34864977129595","1.87971280819328","-6.9314138917336","7.74925849303191","-1.94754655785583","-0.170062706058998","0.61294680162835","-2.03640405656329","3.987045065591","4.65306181315659","-0.84624944877606","0.726629342955401","0.266893812426889","2.19345008729175","1.0149096639908","0.543029822464957","4.17876481057633","2.36524707446069","-0.573751676699595","Diseased"
"-5.07580912521866","2.35280067406131","1.34243993422783","-3.23630596549115","-2.66269611189755","-3.86508555779088","-0.403253234658475","-5.52625148887324","3.69804435480389","-2.27342206188406","-0.185111789852832","1.41993353302178","-0.0129893744884026","-2.85703398654289","1.40840623051244","-0.499396212019557","3.85805256556175","-0.192394771765282","-0.0532538315968442","-1.14244494140371","Diseased"
"16.2780709128937","-1.84029560092521","1.53153017262738","-1.21223307389927","7.41142709892196","-0.810126906140701","3.07395699021351","-1.73856680043914","3.50677080020515","0.886068522767682","-0.165540905329962","3.5783528928304","-1.9769750245476","2.39940141436167","0.987780449370802","-0.992977900850743","-0.224773518880469","-1.31560511704962","2.20838968167413","1.4989923344178","Diseased"
"-2.78339480855767","-4.95264999262698","-2.05666715340536","6.76956312695134","-7.26946866729224","4.99518156391754","5.0751169859528","6.49969214851569","1.53980986020643","4.27440110274902","-0.653463536390912","-0.0456203617717699","0.803280279093085","-0.256891296671451","-0.0475000665877924","4.30197826553658","2.39513370446562","0.709295511492185","-1.93098350636188","0.277469419405627","Diseased"
"-2.87153112295669","-1.72752665888449","-9.99196029051474","8.46771108333975","-0.243346307445536","-1.47211493857737","8.31887902344031","-7.2427286490766","-11.1180350954943","0.526826362966643","-0.1083584455936","-1.63656413306819","4.29886662708223","-0.404457353251214","-0.549424871205548","2.45233023532244","3.56741523923461","2.1661409014472","2.57646542287035","1.61038621929814","Diseased"
"-6.60636384389749","-17.4928197062125","-8.87726872294103","7.41312708627642","3.17257588534288","2.1900003614989","-0.761528596493771","0.594104698065089","-1.19530672479596","1.55849546049953","0.0518856786277994","5.54615290568447","-0.655949991559211","0.959387064451685","0.976961392952349","1.41808766862507","-1.3417295873581","1.87706857073145","4.0017950192049","3.23120105061498","Diseased"
"-3.02431879452751","-0.16884021047942","2.00387705074766","6.03253100991473","-8.89311781079547","1.56792626335033","-4.52776508892281","-1.00179283758978","-3.64066701138193","-2.87554741602453","1.7217091535788","0.713208591493351","2.64721324917319","3.58985803120353","-0.44595299289356","-0.843536582725998","1.86002898407098","2.31628236439718","-0.910234003868593","-1.458435444391","Healthy"
"-1.0571958944598","-6.91622630635847","-1.44481296955116","-9.18527590997732","-6.34877520152919","0.400518014170121","-0.374956817468868","1.07162816203499","-0.917858396434999","-0.729328627171479","-1.91165648337858","3.34753830125609","-3.65579983375487","4.35189387658908","0.933110878669768","0.312789752841584","-1.99988834274929","3.68838720922897","0.268922731352435","-1.98362289128311","Diseased"
"3.48172999971202","6.38531844537687","2.59224265484126","1.53055778605112","6.18752966219884","-0.645676443304403","0.917696717160092","0.903127266631907","-6.16090812235778","-2.98565467078979","-0.410992999552619","-3.03718159848771","-0.458303476890801","1.84630163777222","1.54408787662055","0.192250492834972","2.16778783949878","-2.40722021578169","-0.493575676657854","1.04466348216602","Diseased"
"-0.85136122182398","6.36410675595543","-6.78348770846856","11.8760266924107","3.55301151861641","-1.61830821879047","0.266126571415876","-7.93173736591291","-0.619693896207955","-9.35568076884327","-3.40577675116544","8.24043867177327","-2.71466377777042","-4.58115646439278","0.638470766938639","-5.52336678791498","4.09385468107635","-2.29871053988642","-0.894923866771","-1.35227489554208","Diseased"
